id,loc_name,parent_id,type,name,loc_id
1,ABC Technologies,,site,Site,4.0
2,LT Panel Room,1.0,fac_area,Electrical Panel Room,10.0
3,Feeder 2,2.0,fac_area,Workshop Area,6.0
4,MCB 1,3.0,fac_area,DG Area,
5,MLTP 1,2.0,loc_type,Panel,
6,Main ACB,5.0,loc_type,Distribution Board (DB),
7,Main Floor Point 1,2.0,loc_type,MCB,
8,Workshop MCC,1.0,loc_type,ACB,
9,Feeder 3,8.0,loc_type,Cable,
10,MCB 4,9.0,loc_type,Feeder,
11,Workshop Area,1.0,loc_type,Floor Wall Resistance Route,
12,DB,11.0,loc_type,RCCB,
13,RCCB 1,12.0,loc_type,Portable Appliances,
14,Hand Drill,11.0,fac_area,Office Area,
15,Office Area,1.0,loc_type,PDU,
16,PDU,15.0,loc_type,Socket,
17,Socket 4,16.0,loc_type,Earth Pit,
18,Earth Pit 1,1.0,fac_area,Control Room,
19,Control Room,1.0,loc_type,Starter,
20,Panel 1,19.0,,,
21,Starter 1,20.0,,,
