id,loc_name,parent_id,type,name,0,1,2,3,4,loc_id
1.0,ABC Technologies,,site,Site,,,,,,
2.0,LT Panel Room,1.0,fac_area,Electrical Panel Room,,,,,,
3.0,Feeder 2,2.0,fac_area,Workshop Area,,,,,,
4.0,MCB 1,3.0,fac_area,DG Area,,,,,,
5.0,MLTP 1,2.0,loc_type,Panel,,,,,,
6.0,Main ACB,5.0,loc_type,Distribution Board (DB),,,,,,
7.0,Main Floor Point 1,2.0,loc_type,MCB,,,,,,
8.0,Workshop MCC,1.0,loc_type,ACB,,,,,,
9.0,Feeder 3,8.0,loc_type,Cable,,,,,,
10.0,MCB 4,9.0,loc_type,Feeder,,,,,,
11.0,Workshop Area,1.0,loc_type,Floor Wall Resistance Route,,,,,,
12.0,DB,11.0,loc_type,RCCB,,,,,,
13.0,RCCB 1,12.0,loc_type,Portable Appliances,,,,,,
14.0,Hand Drill,11.0,fac_area,Office Area,,,,,,
15.0,Office Area,1.0,loc_type,PDU,,,,,,
16.0,PDU,15.0,loc_type,Socket,,,,,,
17.0,Socket 4,16.0,loc_type,Earth Pit,,,,,,
18.0,Earth Pit 1,1.0,fac_area,Control Room,,,,,,
19.0,Control Room,1.0,loc_type,Starter,,,,,,
20.0,Panel 1,19.0,,,,,,,,
21.0,Starter 1,20.0,,,,,,,,
,,,,,,,,,,
,,,,,,,,,,4.0
,,,,,,,,,,10.0
,,,,,,,,,,6.0
